end,end 2,end 4
Mobile Stores and shops in Durgapur,,
Name,Address,
"All-In-1 Mobile Software Solutions (All Mobile Product Supporter, Flashing & Unlocking etc)",", 2/2 S.N. Bose Road, B-Zone, Durgapur-713205",09232121200
AM Mobile Telecom Pvt Ltd,"101 Dremplex, Beside Big Bazaar, City Centre, Durgapur - 713216",09830067500
Baba Telecom,"Benachity Market, Durgapur-13",0343 2570371
Balaji Telecom,Durgapur,0343 2575099
Choudhary Mobile Care,"Shop no 6, Trinayani mansion , Near Senco Gold, Benachity, Durgapur - 713213",09332928701/ 8537007676
Choudhary Mobile Web,"Near Benachity Gurdwara, Gurdwara Road, Benachity, Durgapur - 713213",09832200188
Collection,"Chandidas Market, B-Zone, Durgapur-713205",09832163522
Durgapur Mobile Shop,"Chandidas Market, B-Zone, Durgapur-713205",09332868614
Jai Guru Telecom,Durgapur,0343 6531011
Just 4 U,Durgapur-6,0343 2500699
LoveIn,"Sarat Chandra West, Chandidas Market, B-Zone, Durgapur-713205",09434954013
Mobile Centre,"Chandidas Bazar, Dr. B.C Roy Market, B-Zone, Durgapur- 713205",09800093483
Mobile Ghar,"B.C.Roy Avenue, Durgapur Bus Stand, Durgapur - 713201",09333833555
Mobile Mahal,"Station Road, Durgapur - 713201",09126218327/ 9333552551
Mobile Needs,"Kabiguru, City Centre, Durgapur - 713216",09475163133
Mobile Point,"Quizer Lane, 1st Floor, Ganguly Building, Gita Medical Store, Benachity, Durgapur - 713213",09732038521/ 9832234666/ 9560537373
Mobile World,"Station Road, Staion Bazar, Durgapur - 713201",0343 2551604/ 9681389880
Mullick Watch,"Benachity Market, Durgapur-713213",.
New Choudhary Mobile care,"Opp Oriental Bank, Jalkhabar Gully, Benachity, Durgapur - 713213",09932492563
Nokia Priority,"Dreamplex Mall, Shop No 101, Beside Big Bazar, City Centre, Durgapur - 713216",09836194300
Reliance mobile Store,"Beside Dulal Hotel, ITI Ambagan, Muchipara, Durgapur - 713212",09749869469
S.K Watch Co.& Mobile Repair,"Ramkrishna Pally, Benachity, Durgapur-713213",09233124653
Sneha Multimedia,"16 Sarat Chandra East, Chandidas market, B-Zone, Durgapur-713205",09933981546
The Mobile Store,"Opposite Shyam Electrical, Nachan Road, Benachity, Durgapur - 713213",09434133666
The Mobile Plaza,"Durgapur Auto Market, Opp- Bhiringi Sub-Station, Bhiringi, Durgapur - 713213",09474056323
Ultimate System and Solutions,"Benachity Market, Opposite Gurudwara BATA, Durgapur-713213",0343 6531576